component,rel_l2,r2,rmse,nrmse,max_abs_error,regime,d,R0,m_label,m,seed,run_dir
S,2.2628882183726614e-07,0.999979062122806,1.1314050197466303,0.0014935904481304,4.697041253559291,DFE,0.1,0.5999999999999999,m=0,0.0,0,/Users/Zia/users/zia/downloads/NSSR-Project/SEI_Model/sei_publication_seeds012/DFE_m0_seed0
E,0.0079716177830658,0.9999348317716726,0.0679872449845498,0.0003399362249227,0.7115064772712287,DFE,0.1,0.5999999999999999,m=0,0.0,0,/Users/Zia/users/zia/downloads/NSSR-Project/SEI_Model/sei_publication_seeds012/DFE_m0_seed0
I,0.0103446144191304,0.9998884847048888,0.1712479396496436,0.0012001294262984,1.826033782655358,DFE,0.1,0.5999999999999999,m=0,0.0,0,/Users/Zia/users/zia/downloads/NSSR-Project/SEI_Model/sei_publication_seeds012/DFE_m0_seed0
S,3.436888900029879e-07,0.9999517010785708,1.718385080727352,0.002268474593969,6.784425653517246,DFE,0.1,0.5999999999999999,m=0,0.0,1,/Users/Zia/users/zia/downloads/NSSR-Project/SEI_Model/sei_publication_seeds012/DFE_m0_seed1
E,0.009739253485663,0.9999027265501408,0.0830628149411538,0.0004153140747057,0.843410677564421,DFE,0.1,0.5999999999999999,m=0,0.0,1,/Users/Zia/users/zia/downloads/NSSR-Project/SEI_Model/sei_publication_seeds012/DFE_m0_seed1
I,0.0143020007401784,0.9997868430903512,0.2367597341370137,0.0016592452118358,2.515379481280064,DFE,0.1,0.5999999999999999,m=0,0.0,1,/Users/Zia/users/zia/downloads/NSSR-Project/SEI_Model/sei_publication_seeds012/DFE_m0_seed1
S,2.0985433341579075e-07,0.9999819929600148,1.0492354165551967,0.0013851167076826,3.347113427706063,DFE,0.1,0.5999999999999999,m=0,0.0,2,/Users/Zia/users/zia/downloads/NSSR-Project/SEI_Model/sei_publication_seeds012/DFE_m0_seed2
E,0.0084988697297407,0.9999259260806038,0.0724839993752731,0.0003624199968763,0.9748885394410536,DFE,0.1,0.5999999999999999,m=0,0.0,2,/Users/Zia/users/zia/downloads/NSSR-Project/SEI_Model/sei_publication_seeds012/DFE_m0_seed2
I,0.0113787105086054,0.999865075157502,0.1883666854575945,0.001320099982601,1.9032766999163755,DFE,0.1,0.5999999999999999,m=0,0.0,2,/Users/Zia/users/zia/downloads/NSSR-Project/SEI_Model/sei_publication_seeds012/DFE_m0_seed2
S,3.2474504907253093e-07,0.9999568673140792,1.6236691559518808,0.0021437233395449,8.97529807407409,DFE,0.1,0.5999999999999999,m=1e-6,1e-06,0,/Users/Zia/users/zia/downloads/NSSR-Project/SEI_Model/sei_publication_seeds012/DFE_m1e-6_seed0
E,0.0092800777160773,0.99991168297275,0.0791409792108187,0.000395704896054,0.7874815831304112,DFE,0.1,0.5999999999999999,m=1e-6,1e-06,0,/Users/Zia/users/zia/downloads/NSSR-Project/SEI_Model/sei_publication_seeds012/DFE_m1e-6_seed0
I,0.01346888113789,0.999810954101808,0.2229505917183366,0.0015624877692564,2.3749779449220227,DFE,0.1,0.5999999999999999,m=1e-6,1e-06,0,/Users/Zia/users/zia/downloads/NSSR-Project/SEI_Model/sei_publication_seeds012/DFE_m1e-6_seed0
S,6.935325571753086e-08,0.9999980327700289,0.3467543000116619,0.0004578181973203,2.105609501712024,DFE,0.1,0.5999999999999999,m=1e-6,1e-06,1,/Users/Zia/users/zia/downloads/NSSR-Project/SEI_Model/sei_publication_seeds012/DFE_m1e-6_seed1
E,0.0057477146497837,0.9999661209195644,0.0490168056265511,0.0002450840281327,0.4747269702626369,DFE,0.1,0.5999999999999999,m=1e-6,1e-06,1,/Users/Zia/users/zia/downloads/NSSR-Project/SEI_Model/sei_publication_seeds012/DFE_m1e-6_seed1
I,0.0084091506137225,0.999926310012943,0.1391967963770857,0.0009755223800152,1.4529218181983057,DFE,0.1,0.5999999999999999,m=1e-6,1e-06,1,/Users/Zia/users/zia/downloads/NSSR-Project/SEI_Model/sei_publication_seeds012/DFE_m1e-6_seed1
S,1.5052930561546066e-07,0.999990732479784,0.7526205289124805,0.0009936816177951,3.60329597722739,DFE,0.1,0.5999999999999999,m=1e-6,1e-06,2,/Users/Zia/users/zia/downloads/NSSR-Project/SEI_Model/sei_publication_seeds012/DFE_m1e-6_seed2
E,0.0053563839923687,0.9999705771577874,0.0456795176888239,0.0002283975884441,0.5558858493743486,DFE,0.1,0.5999999999999999,m=1e-6,1e-06,2,/Users/Zia/users/zia/downloads/NSSR-Project/SEI_Model/sei_publication_seeds012/DFE_m1e-6_seed2
I,0.0081405302026916,0.9999309426987786,0.134750318679804,0.000944360466675,1.3921221338731868,DFE,0.1,0.5999999999999999,m=1e-6,1e-06,2,/Users/Zia/users/zia/downloads/NSSR-Project/SEI_Model/sei_publication_seeds012/DFE_m1e-6_seed2
S,6.652728029418692e-08,0.9999981874275335,0.3326249186570088,0.0004394551778909,2.669959170743823,DFE,0.1,0.5999999999999999,m=6e-6,6e-06,0,/Users/Zia/users/zia/downloads/NSSR-Project/SEI_Model/sei_publication_seeds012/DFE_m6e-6_seed0
E,0.0064194418807571,0.9999577402475778,0.0547257080251804,0.0002736285401259,0.5139832859544029,DFE,0.1,0.5999999999999999,m=6e-6,6e-06,0,/Users/Zia/users/zia/downloads/NSSR-Project/SEI_Model/sei_publication_seeds012/DFE_m6e-6_seed0
I,0.0095312921499728,0.9999053327489674,0.1577100460700629,0.001105334394725,1.6754892344941226,DFE,0.1,0.5999999999999999,m=6e-6,6e-06,0,/Users/Zia/users/zia/downloads/NSSR-Project/SEI_Model/sei_publication_seeds012/DFE_m6e-6_seed0
S,5.519396104809551e-08,0.9999987523896604,0.2759602785924356,0.0003645913655817,1.68507297988981,DFE,0.1,0.5999999999999999,m=6e-6,6e-06,1,/Users/Zia/users/zia/downloads/NSSR-Project/SEI_Model/sei_publication_seeds012/DFE_m6e-6_seed1
E,0.0036587642638099,0.9999862721898956,0.0311909459659457,0.0001559547298297,0.4593176474359239,DFE,0.1,0.5999999999999999,m=6e-6,6e-06,1,/Users/Zia/users/zia/downloads/NSSR-Project/SEI_Model/sei_publication_seeds012/DFE_m6e-6_seed1
I,0.0041345934035366,0.999982185984831,0.068413275544659,0.0004794846517368,0.7297200909720232,DFE,0.1,0.5999999999999999,m=6e-6,6e-06,1,/Users/Zia/users/zia/downloads/NSSR-Project/SEI_Model/sei_publication_seeds012/DFE_m6e-6_seed1
S,1.7486641805948673e-07,0.9999874769917114,0.8743019078139236,0.0011551043799726,3.856919285841286,DFE,0.1,0.5999999999999999,m=6e-6,6e-06,2,/Users/Zia/users/zia/downloads/NSSR-Project/SEI_Model/sei_publication_seeds012/DFE_m6e-6_seed2
E,0.0097660196804637,0.9999021935274364,0.0832552660385145,0.0004162763301925,1.3371626423123215,DFE,0.1,0.5999999999999999,m=6e-6,6e-06,2,/Users/Zia/users/zia/downloads/NSSR-Project/SEI_Model/sei_publication_seeds012/DFE_m6e-6_seed2
I,0.012116664875663,0.9998470102286602,0.2004890570647099,0.0014051574776737,2.5373055668190148,DFE,0.1,0.5999999999999999,m=6e-6,6e-06,2,/Users/Zia/users/zia/downloads/NSSR-Project/SEI_Model/sei_publication_seeds012/DFE_m6e-6_seed2
S,0.0016664773569849,0.9995544449273324,7286.034327527496,0.0060212559047773,27524.16941249277,EE,0.001,1.188118811881188,m=0,0.0,0,/Users/Zia/users/zia/downloads/NSSR-Project/SEI_Model/sei_publication_seeds012/EE_m0_seed0
E,0.0219677523811205,0.9987755159955009,188.3868387121136,0.0071579753805079,651.6407757756406,EE,0.001,1.188118811881188,m=0,0.0,0,/Users/Zia/users/zia/downloads/NSSR-Project/SEI_Model/sei_publication_seeds012/EE_m0_seed0
I,0.022211932472137,0.9987512055467026,378.7794217137142,0.0071990249175289,1296.8186134752325,EE,0.001,1.188118811881188,m=0,0.0,0,/Users/Zia/users/zia/downloads/NSSR-Project/SEI_Model/sei_publication_seeds012/EE_m0_seed0
S,0.0005487892770838,0.9999516814612068,2399.3710413480503,0.0019828656304685,10136.467204460874,EE,0.001,1.188118811881188,m=0,0.0,1,/Users/Zia/users/zia/downloads/NSSR-Project/SEI_Model/sei_publication_seeds012/EE_m0_seed1
E,0.0074626422783214,0.999858691880948,63.99669674265694,0.0024316283602901,259.5019629128192,EE,0.001,1.188118811881188,m=0,0.0,1,/Users/Zia/users/zia/downloads/NSSR-Project/SEI_Model/sei_publication_seeds012/EE_m0_seed1
I,0.007556513259236,0.999855468946073,128.86099514735525,0.0024491127600499,520.919895018269,EE,0.001,1.188118811881188,m=0,0.0,1,/Users/Zia/users/zia/downloads/NSSR-Project/SEI_Model/sei_publication_seeds012/EE_m0_seed1
S,0.0008707617305689,0.9998783530496202,3807.072345406143,0.0031462048913335,16451.0837598769,EE,0.001,1.188118811881188,m=0,0.0,2,/Users/Zia/users/zia/downloads/NSSR-Project/SEI_Model/sei_publication_seeds012/EE_m0_seed2
E,0.0114555591754863,0.9996670228335314,98.23838785637962,0.0037326809372885,391.4189387181268,EE,0.001,1.188118811881188,m=0,0.0,2,/Users/Zia/users/zia/downloads/NSSR-Project/SEI_Model/sei_publication_seeds012/EE_m0_seed2
I,0.0116092524127354,0.9996588646071176,197.97223501109423,0.0037626306264888,780.7564917882883,EE,0.001,1.188118811881188,m=0,0.0,2,/Users/Zia/users/zia/downloads/NSSR-Project/SEI_Model/sei_publication_seeds012/EE_m0_seed2
S,0.0006712411951703,0.999905611369392,2967.4680576300016,0.0030106153131222,11908.292353909465,EE,0.001,1.188118811881188,m=1e-6,1e-06,0,/Users/Zia/users/zia/downloads/NSSR-Project/SEI_Model/sei_publication_seeds012/EE_m1e-6_seed0
E,0.0107929876835436,0.9996044693355888,79.66596023717888,0.0041233023245854,323.2594425775551,EE,0.001,1.188118811881188,m=1e-6,1e-06,0,/Users/Zia/users/zia/downloads/NSSR-Project/SEI_Model/sei_publication_seeds012/EE_m1e-6_seed0
I,0.0109885704525619,0.9995928879124208,161.46638944867777,0.0041720980767417,653.4887734257463,EE,0.001,1.188118811881188,m=1e-6,1e-06,0,/Users/Zia/users/zia/downloads/NSSR-Project/SEI_Model/sei_publication_seeds012/EE_m1e-6_seed0
S,0.0005151188128315,0.9999444124793544,2277.2717675259146,0.0023103835061767,9122.104039528407,EE,0.001,1.188118811881188,m=1e-6,1e-06,1,/Users/Zia/users/zia/downloads/NSSR-Project/SEI_Model/sei_publication_seeds012/EE_m1e-6_seed1
E,0.0090640744503693,0.999721038850453,66.90438420966174,0.0034627964329477,313.3992593206276,EE,0.001,1.188118811881188,m=1e-6,1e-06,1,/Users/Zia/users/zia/downloads/NSSR-Project/SEI_Model/sei_publication_seeds012/EE_m1e-6_seed1
I,0.0092196166731099,0.999713412441569,135.47332864948007,0.0035004685237477,634.0966102043276,EE,0.001,1.188118811881188,m=1e-6,1e-06,1,/Users/Zia/users/zia/downloads/NSSR-Project/SEI_Model/sei_publication_seeds012/EE_m1e-6_seed1
S,0.0003777760969261,0.9999701027369932,1670.0978852762582,0.0016943812604478,6311.318188913167,EE,0.001,1.188118811881188,m=1e-6,1e-06,2,/Users/Zia/users/zia/downloads/NSSR-Project/SEI_Model/sei_publication_seeds012/EE_m1e-6_seed2
E,0.0058574710482977,0.999883502368127,43.23557751628061,0.0022377607292616,167.62886054229875,EE,0.001,1.188118811881188,m=1e-6,1e-06,2,/Users/Zia/users/zia/downloads/NSSR-Project/SEI_Model/sei_publication_seeds012/EE_m1e-6_seed2
I,0.0059322485546907,0.9998813493063085,87.16864123255723,0.0022523332668817,336.214208686064,EE,0.001,1.188118811881188,m=1e-6,1e-06,2,/Users/Zia/users/zia/downloads/NSSR-Project/SEI_Model/sei_publication_seeds012/EE_m1e-6_seed2
S,9.370842484209566e-05,0.9999958886971992,429.9959424872409,0.0007548107576639,1658.181502526626,EE,0.001,1.188118811881188,m=6e-6,6e-06,0,/Users/Zia/users/zia/downloads/NSSR-Project/SEI_Model/sei_publication_seeds012/EE_m6e-6_seed0
E,0.0020524691213343,0.999973617136902,10.107807714743364,0.0011828613314193,36.01467329663865,EE,0.001,1.188118811881188,m=6e-6,6e-06,0,/Users/Zia/users/zia/downloads/NSSR-Project/SEI_Model/sei_publication_seeds012/EE_m6e-6_seed0
I,0.0021325575126128,0.9999722029623024,20.936892679957843,0.0012157639107702,75.88143407962889,EE,0.001,1.188118811881188,m=6e-6,6e-06,0,/Users/Zia/users/zia/downloads/NSSR-Project/SEI_Model/sei_publication_seeds012/EE_m6e-6_seed0
S,0.0001442288915972,0.9999902607229472,661.8171021521608,0.0011617474002682,2810.786651519127,EE,0.001,1.188118811881188,m=6e-6,6e-06,1,/Users/Zia/users/zia/downloads/NSSR-Project/SEI_Model/sei_publication_seeds012/EE_m6e-6_seed1
E,0.0028806876183758,0.9999480290097692,14.186540606202003,0.0016601730843385,53.56860416744257,EE,0.001,1.188118811881188,m=6e-6,6e-06,1,/Users/Zia/users/zia/downloads/NSSR-Project/SEI_Model/sei_publication_seeds012/EE_m6e-6_seed1
I,0.0029742434085142,0.9999459307896772,29.20034497538065,0.0016956062270449,110.31627945604124,EE,0.001,1.188118811881188,m=6e-6,6e-06,1,/Users/Zia/users/zia/downloads/NSSR-Project/SEI_Model/sei_publication_seeds012/EE_m6e-6_seed1
S,0.0001135066606592,0.9999939679506986,520.8432818179646,0.0009142833067195,2081.547817444429,EE,0.001,1.188118811881188,m=6e-6,6e-06,2,/Users/Zia/users/zia/downloads/NSSR-Project/SEI_Model/sei_publication_seeds012/EE_m6e-6_seed2
E,0.0023522158290052,0.9999653484236404,11.58397222936238,0.001355608773044,44.47070713578432,EE,0.001,1.188118811881188,m=6e-6,6e-06,2,/Users/Zia/users/zia/downloads/NSSR-Project/SEI_Model/sei_publication_seeds012/EE_m6e-6_seed2
I,0.0024241513950902,0.9999640816407626,23.79968525997245,0.0013820006086415,91.75316641117752,EE,0.001,1.188118811881188,m=6e-6,6e-06,2,/Users/Zia/users/zia/downloads/NSSR-Project/SEI_Model/sei_publication_seeds012/EE_m6e-6_seed2
